[
    {
      "OrderId": 20223,
      "Name": "Chandler Hargraves",
      "Plan": "Sliver",
      "Method": "Gpay",
      "RestaurantName": "Charles Boyd",
      "BillStatus": "Sucess",
      "TransationId": 45895555555555,
      "OrderUpdatedOn": "20/01/2020"
    },
    {
      "OrderId": 20224,
      "Name": "Sabrina Black",
      "Plan": "Gold",
      "Method": "Phone-pay",
      "RestaurantName": "Charles Boyd",
      "BillStatus": "Fail",
      "TransationId": 45895555555555,
      "OrderUpdatedOn": "21/01/2020"
    },
    {
      "OrderId": 20225,
      "Name": "Archer Morales",
      "Plan": "Sliver",
      "Method": "Card",
      "RestaurantName": "Charles Boyd",
      "BillStatus": "Sucess",
      "TransationId": 45895555555555,
      "OrderUpdatedOn": "22/01/2020"
    },
    {
      "OrderId": 20226,
      "Name": "Bailey Chapman",
      "Plan": "Free",
      "Method": "PayTM",
      "RestaurantName": "Charles Boyd",
      "BillStatus": "Sucess",
      "TransationId": 45895555555555,
      "OrderUpdatedOn": "23/01/2020"
    },
    {
      "OrderId": 20227,
      "Name": "Howard Warner",
      "Plan": "Sliver",
      "Method": "Gpay",
      "RestaurantName": "Charles Boyd",
      "BillStatus": "Sucess",
      "TransationId": 45895555555555,
      "OrderUpdatedOn": "24/01/2020"
    },
    {
      "OrderId": 20228,
      "Name": "Roy Robertson",
      "Plan": "Free",
      "Method": "PayTM",
      "RestaurantName": "Charles Boyd",
      "BillStatus": "Sucess",
      "TransationId": 45895555555555,
      "OrderUpdatedOn": "25/01/2020"
    },
    {
      "OrderId": 20229,
      "Name": "Pansy Swanson",
      "Plan": "Gold",
      "Method": "Phone-pay",
      "RestaurantName": "Charles Boyd",
      "BillStatus": "Sucess",
      "TransationId": 45895555555555,
      "OrderUpdatedOn": "26/01/2020"
    },
    {
      "OrderId": 30223,
      "Name": "Colin Barrett",
      "Plan": "Sliver",
      "Method": "Gpay",
      "RestaurantName": "Charles Boyd",
      "BillStatus": "Sucess",
      "TransationId": 45895555555555,
      "OrderUpdatedOn": "27/01/2020"
    },
    {
      "OrderId": 40223,
      "Name": "Tasha Bailey",
      "Plan": "Free",
      "Method": "Phone-pay",
      "RestaurantName": "Charles Boyd",
      "BillStatus": "Sucess",
      "TransationId": 45895555555555,
      "OrderUpdatedOn": "28/01/2020"
    },
    {
      "OrderId": 50223,
      "Name": "Herbert Fennimore",
      "Plan": "Sliver",
      "Method": "Card",
      "RestaurantName": "Charles Boyd",
      "BillStatus": "Sucess",
      "TransationId": 45895555555555,
      "OrderUpdatedOn": "29/01/2020"
    },
    {
      "OrderId": 60223,
      "Name": "Christine Wood",
      "Plan": "Free",
      "Method": "Gpay",
      "RestaurantName": "Charles Boyd",
      "BillStatus": "Sucess",
      "TransationId": 45895555555555,
      "OrderUpdatedOn": "30/01/2020"
    },
    {
      "OrderId": 70223,
      "Name": "Audrey Carlson",
      "Plan": "Sliver",
      "Method": "Phone-pay",
      "RestaurantName": "Charles Boyd",
      "BillStatus": "Sucess",
      "TransationId": 45895555555555,
      "OrderUpdatedOn": "31/01/2020"
    },
    {
      "OrderId": 80223,
      "Name": "Marmaduke Jackson",
      "Plan": "Sliver",
      "Method": "Gpay",
      "RestaurantName": "Charles Boyd",
      "BillStatus": "Sucess",
      "TransationId": 45895555555555,
      "OrderUpdatedOn": "20/01/2020"
    },
    {
      "OrderId": 90223,
      "Name": "Lionel Fisher",
      "Plan": "Gold",
      "Method": "PayTM",
      "RestaurantName": "Charles Boyd",
      "BillStatus": "Sucess",
      "TransationId": 45895555555555,
      "OrderUpdatedOn": "20/01/2020"
    },
    {
      "OrderId": 11111,
      "Name": "Reynard Hargraves",
      "Plan": "Free",
      "Method": "Gpay",
      "RestaurantName": "Charles Boyd",
      "BillStatus": "Sucess",
      "TransationId": 45895555555555,
      "OrderUpdatedOn": "20/01/2020"
    },
    {
      "OrderId": 22222,
      "Name": "Garfield Williamson",
      "Plan": "Sliver",
      "Method": "Card",
      "RestaurantName": "Charles Boyd",
      "BillStatus": "Sucess",
      "TransationId": 45895555555555,
      "OrderUpdatedOn": "20/01/2020"
    },
    {
      "OrderId": 33333,
      "Name": "Roderick Atkinson",
      "Plan": "Free",
      "Method": "Phone-pay",
      "RestaurantName": "Charles Boyd",
      "BillStatus": "Sucess",
      "TransationId": 45895555555555,
      "OrderUpdatedOn": "20/01/2020"
    },
    {
      "OrderId": 44444,
      "Name": "Harrison Mendoza",
      "Plan": "Sliver",
      "Method": "Gpay",
      "RestaurantName": "Charles Boyd",
      "BillStatus": "Sucess",
      "TransationId": 45895555555555,
      "OrderUpdatedOn": "20/01/2020"
    },
    {
      "OrderId": 55555,
      "Name": "Courtney Currey",
      "Plan": "Gold",
      "Method": "PayTM",
      "RestaurantName": "Charles Boyd",
      "BillStatus": "Sucess",
      "TransationId": 45895555555555,
      "OrderUpdatedOn": "20/01/2020"
    },
    {
      "OrderId": 50223,
      "Name": "Herbert Fennimore",
      "Plan": "Sliver",
      "Method": "Card",
      "RestaurantName": "Charles Boyd",
      "BillStatus": "Sucess",
      "TransationId": 45895555555555,
      "OrderUpdatedOn": "29/01/2020"
    },
    {
      "OrderId": 60223,
      "Name": "Christine Wood",
      "Plan": "Free",
      "Method": "Gpay",
      "RestaurantName": "Charles Boyd",
      "BillStatus": "Sucess",
      "TransationId": 45895555555555,
      "OrderUpdatedOn": "30/01/2020"
    },
    {
      "OrderId": 70223,
      "Name": "Audrey Carlson",
      "Plan": "Sliver",
      "Method": "Phone-pay",
      "RestaurantName": "Charles Boyd",
      "BillStatus": "Sucess",
      "TransationId": 45895555555555,
      "OrderUpdatedOn": "31/01/2020"
    },
    {
      "OrderId": 80223,
      "Name": "Marmaduke Jackson",
      "Plan": "Sliver",
      "Method": "Gpay",
      "RestaurantName": "Charles Boyd",
      "BillStatus": "Sucess",
      "TransationId": 45895555555555,
      "OrderUpdatedOn": "20/01/2020"
    },
    {
      "OrderId": 90223,
      "Name": "Lionel Fisher",
      "Plan": "Gold",
      "Method": "PayTM",
      "RestaurantName": "Charles Boyd",
      "BillStatus": "Sucess",
      "TransationId": 45895555555555,
      "OrderUpdatedOn": "20/01/2020"
    },
    {
      "OrderId": 11111,
      "Name": "Reynard Hargraves",
      "Plan": "Free",
      "Method": "Gpay",
      "RestaurantName": "Charles Boyd",
      "BillStatus": "Sucess",
      "TransationId": 45895555555555,
      "OrderUpdatedOn": "20/01/2020"
    },
    {
      "OrderId": 22222,
      "Name": "Garfield Williamson",
      "Plan": "Sliver",
      "Method": "Card",
      "RestaurantName": "Charles Boyd",
      "BillStatus": "Sucess",
      "TransationId": 45895555555555,
      "OrderUpdatedOn": "20/01/2020"
    },
    {
      "OrderId": 33333,
      "Name": "Roderick Atkinson",
      "Plan": "Free",
      "Method": "Phone-pay",
      "RestaurantName": "Charles Boyd",
      "BillStatus": "Sucess",
      "TransationId": 45895555555555,
      "OrderUpdatedOn": "20/01/2020"
    },
    {
      "OrderId": 44444,
      "Name": "Harrison Mendoza",
      "Plan": "Sliver",
      "Method": "Gpay",
      "RestaurantName": "Charles Boyd",
      "BillStatus": "Sucess",
      "TransationId": 45895555555555,
      "OrderUpdatedOn": "20/01/2020"
    },
    {
      "OrderId": 55555,
      "Name": "Courtney Currey",
      "Plan": "Gold",
      "Method": "PayTM",
      "RestaurantName": "Charles Boyd",
      "BillStatus": "Sucess",
      "TransationId": 45895555555555,
      "OrderUpdatedOn": "20/01/2020"
    },
    {
      "OrderId": 50223,
      "Name": "Herbert Fennimore",
      "Plan": "Sliver",
      "Method": "Card",
      "RestaurantName": "Charles Boyd",
      "BillStatus": "Sucess",
      "TransationId": 45895555555555,
      "OrderUpdatedOn": "29/01/2020"
    },
    {
      "OrderId": 60223,
      "Name": "Christine Wood",
      "Plan": "Free",
      "Method": "Gpay",
      "RestaurantName": "Charles Boyd",
      "BillStatus": "Sucess",
      "TransationId": 45895555555555,
      "OrderUpdatedOn": "30/01/2020"
    },
    {
      "OrderId": 70223,
      "Name": "Audrey Carlson",
      "Plan": "Sliver",
      "Method": "Phone-pay",
      "RestaurantName": "Charles Boyd",
      "BillStatus": "Sucess",
      "TransationId": 45895555555555,
      "OrderUpdatedOn": "31/01/2020"
    },
    {
      "OrderId": 80223,
      "Name": "Marmaduke Jackson",
      "Plan": "Sliver",
      "Method": "Gpay",
      "RestaurantName": "Charles Boyd",
      "BillStatus": "Sucess",
      "TransationId": 45895555555555,
      "OrderUpdatedOn": "20/01/2020"
    },
    {
      "OrderId": 90223,
      "Name": "Lionel Fisher",
      "Plan": "Gold",
      "Method": "PayTM",
      "RestaurantName": "Charles Boyd",
      "BillStatus": "Sucess",
      "TransationId": 45895555555555,
      "OrderUpdatedOn": "20/01/2020"
    },
    {
      "OrderId": 11111,
      "Name": "Reynard Hargraves",
      "Plan": "Free",
      "Method": "Gpay",
      "RestaurantName": "Charles Boyd",
      "BillStatus": "Sucess",
      "TransationId": 45895555555555,
      "OrderUpdatedOn": "20/01/2020"
    },
    {
      "OrderId": 22222,
      "Name": "Garfield Williamson",
      "Plan": "Sliver",
      "Method": "Card",
      "RestaurantName": "Charles Boyd",
      "BillStatus": "Sucess",
      "TransationId": 45895555555555,
      "OrderUpdatedOn": "20/01/2020"
    },
    {
      "OrderId": 33333,
      "Name": "Roderick Atkinson",
      "Plan": "Free",
      "Method": "Phone-pay",
      "RestaurantName": "Charles Boyd",
      "BillStatus": "Sucess",
      "TransationId": 45895555555555,
      "OrderUpdatedOn": "20/01/2020"
    },
    {
      "OrderId": 44444,
      "Name": "Harrison Mendoza",
      "Plan": "Sliver",
      "Method": "Gpay",
      "RestaurantName": "Charles Boyd",
      "BillStatus": "Sucess",
      "TransationId": 45895555555555,
      "OrderUpdatedOn": "20/01/2020"
    },
    {
      "OrderId": 55555,
      "Name": "Courtney Currey",
      "Plan": "Gold",
      "Method": "PayTM",
      "RestaurantName": "Charles Boyd",
      "BillStatus": "Sucess",
      "TransationId": 45895555555555,
      "OrderUpdatedOn": "20/01/2020"
    },  
    {
      "OrderId": 66666,
      "Name": "Jeffrey Stevenson",
      "Plan": "Sliver",
      "Method": "Phone-pay",
      "RestaurantName": "Charles Boyd",
      "BillStatus": "Sucess",
      "TransationId": 45895555555555,
      "OrderUpdatedOn": "20/01/2020"
    }
  ]
  